-1079.047, 37.133
-1079.176, 36.811
-1079.176, 36.586
-1079.564, 36.425
-1077.624, 37.262
-1077.624, 37.004
-1077.624, 36.779
-1076.459, 37.004
-1076.071, 36.747
-1075.295, 36.521
-1074.519, 36.682
-1073.613, 36.382
-1072.190, 36.489
-1072.190, 36.264
-1070.637, 36.618
-1070.637, 36.360
-1070.637, 36.135
-1069.473, 36.618
-1069.084, 36.296
-1069.084, 36.038
-1069.084, 35.845
-1067.532, 35.974
-1067.532, 35.781
-1065.979, 35.974
-1065.979, 35.781
-1064.427, 35.910
-1064.427, 35.684
-1062.874, 35.716
-1062.098, 35.491
-1061.322, 35.652
-1060.416, 35.373
-1058.993, 35.459
-1058.993, 35.233
-1057.440, 35.266
-1057.440, 35.008
-1057.828, 34.879
-1055.887, 35.073
-1055.887, 34.879
-1054.205, 35.073
-1054.723, 34.879
-1052.782, 35.201
-1052.782, 34.944
-1051.100, 35.073
-1051.618, 34.879
-1049.548, 35.330
-1050.065, 35.073
-1048.125, 35.459
-1048.125, 35.266
-1046.572, 35.394
-1046.572, 35.169
-1045.019, 35.330
-1045.019, 35.105
-1044.114, 34.815
-1043.855, 35.201
-1043.467, 34.493
-1043.079, 34.944
-1042.690, 34.686
-1041.785, 34.450
-1040.362, 34.429
-1040.362, 34.235
-1038.809, 34.429
-1038.809, 34.203
-1037.256, 34.300
-1037.256, 34.107
-1035.704, 34.235
-1035.704, 34.042
-1034.151, 34.171
-1034.151, 33.978
-1032.599, 34.042
-1032.599, 33.849
-1031.046, 33.978
-1031.046, 33.753
-1029.493, 33.914
-1029.493, 33.720
-1027.941, 33.914
-1027.941, 33.688
-1026.388, 33.914
-1026.388, 33.688
-1024.836, 33.849
-1024.836, 33.624
-1023.283, 33.785
-1023.283, 33.592
-1021.731, 33.914
-1021.731, 33.688
-1020.178, 33.849
-1020.178, 33.592
-1018.496, 33.656
-1019.014, 33.463
-1017.073, 33.785
-1017.073, 33.559
-1015.520, 33.785
-1015.520, 33.559
-1013.968, 33.785
-1013.968, 33.559
-1012.415, 33.720
-1012.415, 33.463
-1012.803, 33.334
-1010.862, 33.592
-1010.862, 33.366
-1009.310, 33.527
-1009.698, 33.334
-1007.757, 33.656
-1007.757, 33.463
-1006.205, 33.656
-1006.205, 33.431
-1004.652, 33.656
-1004.652, 33.398
-1003.099, 33.656
-1003.099, 33.398
-1001.547, 33.785
-1001.547, 33.527
-1001.547, 33.334
-999.994, 33.592
-999.994, 33.366
-998.442, 33.656
-998.442, 33.398
-997.665, 33.141
-996.889, 33.398
-996.113, 33.205
-995.337, 33.527
-994.431, 33.270
-993.008, 33.334
-993.008, 33.076
-991.455, 33.141
-991.455, 32.948
-989.903, 33.141
-989.903, 32.948
-988.350, 33.076
-988.350, 32.851
-986.797, 32.883
-986.797, 32.690
-985.245, 33.012
-985.245, 32.787
-983.563, 33.034
-984.080, 32.819
-982.140, 33.141
-982.140, 32.948
-981.363, 33.398
-980.587, 33.656
-980.587, 33.173
-979.811, 33.431
-978.905, 33.656
-977.482, 33.720
-977.482, 33.463
-977.482, 33.270
-976.317, 33.592
-975.929, 33.141
-974.377, 33.205
-974.377, 32.948
-972.824, 32.948
-972.824, 32.690
-971.918, 32.411
-971.271, 32.690
-970.495, 32.368
-969.719, 32.561
-969.589, 32.154
-968.554, 32.368
-968.166, 32.111
-968.166, 31.885
-966.614, 31.917
-966.614, 31.692
-965.061, 31.789
-965.061, 31.531
-963.509, 31.724
-963.509, 31.467
-961.827, 31.596
-961.956, 31.338
-960.274, 31.596
-960.403, 31.274
-960.792, 31.145
-958.851, 31.660
-958.851, 31.402
-959.239, 31.274
-957.298, 31.467
-957.298, 31.274
-955.746, 31.467
-955.746, 31.241
-954.064, 31.338
-954.581, 31.145
-952.640, 31.402
-952.640, 31.209
-951.088, 31.274
-951.088, 31.048
-949.406, 31.231
-949.923, 31.016
-947.983, 31.338
-947.983, 31.145
-946.430, 31.338
-946.430, 31.113
-944.877, 31.209
-944.877, 30.984
-943.325, 31.209
-943.325, 31.016
-941.772, 31.209
-941.772, 31.016
-940.220, 31.274
-940.220, 31.048
-938.667, 31.145
-938.667, 30.919
-937.115, 31.145
-937.115, 30.919
-935.562, 31.080
-935.562, 30.887
-933.880, 31.080
-934.398, 30.887
-932.457, 31.209
-932.457, 31.016
-930.904, 31.145
-930.904, 30.887
-929.352, 30.952
-929.352, 30.758
-927.799, 30.887
-927.799, 30.630
-926.117, 30.694
-926.635, 30.501
-924.694, 30.823
-924.694, 30.597
-923.141, 30.630
-923.529, 30.501
-921.459, 30.694
-921.977, 30.501
-920.036, 30.823
-920.036, 30.565
-918.484, 30.694
-918.484, 30.469
-916.931, 30.694
-916.931, 30.469
-915.378, 30.694
-915.378, 30.501
-913.826, 30.694
-913.826, 30.469
-912.273, 30.823
-912.273, 30.597
-910.721, 30.823
-910.721, 30.630
-909.168, 30.758
-909.168, 30.533
-907.615, 30.694
-907.615, 30.469
-906.063, 30.501
-906.063, 30.276
-904.510, 30.372
-904.510, 30.147
-902.958, 30.243
-902.958, 30.018
-901.405, 30.179
-901.405, 29.986
-899.852, 30.179
-899.852, 29.954
-898.300, 30.179
-898.300, 29.986
-896.747, 30.179
-896.747, 29.986
-895.195, 30.179
-895.195, 29.986
-893.513, 30.308
-894.030, 30.050
-892.090, 30.501
-892.090, 30.276
-890.537, 30.437
-890.537, 30.211
-888.984, 30.243
-888.984, 29.986
-888.079, 29.707
-887.432, 29.986
-886.655, 29.664
-885.879, 29.471
-885.103, 29.664
-884.327, 29.471
-883.550, 29.664
-882.774, 29.471
-881.998, 29.599
-881.221, 29.374
-880.445, 29.664
-879.539, 29.449
-878.116, 29.535
-878.116, 29.342
-876.564, 29.471
-876.564, 29.278
-875.011, 29.535
-875.011, 29.310
-873.458, 29.471
-873.458, 29.245
-871.906, 29.471
-871.906, 29.245
-870.353, 29.406
-870.353, 29.181
-868.671, 29.406
-869.189, 29.149
-867.248, 29.406
-867.248, 29.213
-865.696, 29.342
-865.696, 29.149
-864.143, 29.278
-864.143, 29.084
-862.590, 29.278
-862.590, 29.084
-861.038, 29.278
-861.038, 29.084
-859.485, 29.213
-859.485, 28.988
-857.803, 29.170
-858.321, 28.956
-856.380, 29.149
-856.380, 28.956
-854.827, 29.149
-854.827, 28.956
-853.275, 29.149
-853.275, 28.956
-851.722, 29.149
-851.722, 28.923
-850.170, 29.020
-850.170, 28.827
-848.617, 29.020
-848.617, 28.827
-846.935, 28.913
-847.453, 28.698
-845.512, 29.149
-845.512, 28.923
-843.830, 29.278
-844.347, 29.020
-842.407, 29.535
-842.407, 29.310
-840.854, 29.664
-840.854, 29.406
-839.302, 29.471
-839.302, 29.213
-839.302, 29.020
-838.137, 29.278
-837.749, 29.020
-836.973, 28.891
-836.196, 29.149
-835.420, 28.923
-834.644, 29.084
-833.738, 28.805
-832.315, 28.891
-832.315, 28.698
-830.762, 28.891
-830.762, 28.698
-829.080, 28.891
-829.598, 28.698
-827.528, 29.020
-827.657, 28.762
-826.105, 28.956
-826.105, 28.730
-824.552, 28.891
-824.552, 28.698
-822.999, 28.956
-822.999, 28.762
-821.447, 28.891
-821.447, 28.698
-819.894, 28.891
-819.894, 28.666
-818.212, 28.784
-818.730, 28.569
-816.789, 28.827
-816.789, 28.634
-815.236, 28.698
-815.236, 28.505
-813.554, 28.655
-814.072, 28.440
-812.131, 28.891
-812.131, 28.666
-810.579, 28.827
-810.579, 28.601
-809.026, 28.762
-809.026, 28.569
-807.474, 28.762
-807.474, 28.569
-805.921, 28.762
-805.921, 28.569
-804.368, 28.762
-804.368, 28.537
-802.816, 28.762
-802.816, 28.569
-801.263, 28.762
-801.263, 28.569
-799.711, 28.891
-799.711, 28.666
-798.158, 28.827
-798.158, 28.601
-796.605, 28.762
-796.605, 28.569
-795.053, 28.634
-794.277, 28.408
-793.500, 28.634
-792.724, 28.376
-791.948, 28.569
-791.171, 28.344
-790.395, 28.634
-789.619, 28.440
-788.842, 28.634
-788.066, 28.440
-787.290, 28.634
-786.514, 28.440
-785.608, 28.634
-784.185, 28.634
-784.185, 28.440
-782.632, 28.634
-782.632, 28.440
-781.080, 28.762
-781.080, 28.537
-779.527, 28.762
-779.527, 28.537
-777.974, 28.569
-777.974, 28.344
-776.422, 28.505
-776.422, 28.280
-774.869, 28.312
-774.869, 28.119
-773.317, 28.247
-773.317, 28.022
-771.764, 28.119
-771.764, 27.925
-770.082, 28.140
-768.529, 28.269
-769.047, 28.054
-767.106, 28.505
-767.106, 28.280
-765.424, 28.634
-765.942, 28.376
-764.001, 28.762
-764.001, 28.537
-762.449, 28.505
-760.896, 28.505
-760.896, 28.312
-759.343, 28.440
-759.343, 28.183
-757.791, 28.183
-757.791, 27.925
-758.179, 27.797
-756.238, 27.990
-756.238, 27.797
-754.686, 27.861
-754.686, 27.668
-753.133, 27.797
-753.133, 27.539
-751.580, 27.732
-751.580, 27.507
-750.028, 27.732
-750.028, 27.475
-748.475, 27.539
-748.863, 27.410
-746.923, 27.475
-746.923, 27.281
-745.370, 27.603
-745.370, 27.378
-743.817, 27.539
-744.206, 27.410
-742.265, 27.603
-742.265, 27.410
-740.712, 27.603
-740.712, 27.378
-739.160, 27.475
-739.160, 27.281
-737.607, 27.410
-737.607, 27.185
-736.055, 27.475
-736.055, 27.281
-734.502, 27.410
-734.502, 27.185
-732.949, 27.346
-732.949, 27.121
-731.397, 27.346
-731.397, 27.153
-729.844, 27.346
-729.844, 27.153
-728.292, 27.346
-728.292, 27.121
-726.739, 27.346
-726.739, 27.153
-725.186, 27.346
-725.186, 27.121
-723.634, 27.217
-723.634, 27.024
-722.081, 27.346
-722.081, 27.153
-720.529, 27.346
-720.529, 27.153
-718.976, 27.346
-718.976, 27.153
-717.423, 27.475
-717.423, 27.281
-715.871, 27.346
-715.871, 27.153
-714.318, 27.217
-714.318, 27.024
-712.636, 27.239
-711.213, 27.346
-711.213, 27.153
-709.661, 27.475
-709.661, 27.249
-708.108, 27.475
-708.108, 27.249
-706.555, 27.475
-706.555, 27.281
-705.003, 27.475
-705.003, 27.249
-703.450, 27.346
-703.450, 27.088
-701.898, 27.346
-701.898, 27.153
-700.345, 27.346
-700.345, 27.153
-698.663, 27.346
-699.181, 27.153
-697.240, 27.475
-697.240, 27.217
-695.687, 27.475
-695.687, 27.217
-694.135, 27.281
-694.135, 27.056
-692.582, 27.346
-692.582, 27.121
-691.029, 27.346
-690.253, 27.153
-689.477, 27.346
-688.701, 27.153
-687.924, 27.346
-687.148, 27.185
-686.372, 27.475
-685.595, 27.281
-684.819, 27.475
-684.043, 27.281
-683.267, 27.475
-682.490, 27.314
-681.714, 27.603
-680.808, 27.389
-679.385, 27.475
-679.385, 27.217
-677.833, 27.475
-677.833, 27.281
-676.280, 27.475
-676.280, 27.249
-674.727, 27.475
-674.727, 27.249
-673.175, 27.475
-673.175, 27.281
-671.622, 27.475
-671.622, 27.281
-670.070, 27.475
-670.070, 27.281
-668.517, 27.475
-668.517, 27.281
-666.964, 27.475
-666.964, 27.281
-665.412, 27.475
-665.412, 27.281
-663.859, 27.475
-663.859, 27.281
-662.307, 27.475
-662.307, 27.281
-661.401, 27.990
-661.530, 27.668
-660.754, 28.376
-660.754, 27.378
-659.848, 28.119
-659.978, 27.797
-659.978, 27.539
-658.425, 27.539
-658.425, 27.281
-656.873, 27.281
-657.261, 27.153
-655.320, 27.217
-655.320, 26.992
-653.767, 27.024
-653.767, 26.766
-652.215, 26.831
-652.215, 26.638
-650.662, 26.702
-650.662, 26.509
-648.980, 26.831
-649.498, 26.573
-647.428, 27.217
-647.557, 26.927
-647.945, 26.766
-646.651, 27.603
-646.004, 28.247
-646.004, 27.990
-646.004, 27.249
-646.393, 27.024
-645.228, 28.505
-645.616, 27.732
-645.616, 27.475
-644.452, 28.762
-644.840, 28.247
-644.840, 27.990
-643.676, 29.020
-644.064, 28.505
-643.287, 28.762
-642.123, 29.149
-640.570, 29.020
-640.570, 28.762
-640.570, 28.537
-639.794, 28.247
-639.794, 28.022
-639.406, 28.762
-639.406, 28.505
-639.018, 27.732
-639.406, 27.539
-638.630, 28.247
-638.242, 27.217
-637.853, 27.732
-637.465, 26.702
-637.465, 26.477
-637.077, 27.217
-637.077, 26.960
-636.560, 26.187
-637.077, 25.994
-636.301, 26.573
-635.783, 25.801
-635.525, 26.187
-634.748, 25.929
-634.360, 25.672
-634.360, 25.479
-632.807, 25.543
-632.807, 25.350
-631.255, 25.479
-631.255, 25.221
-629.702, 25.285
-629.702, 25.092
-628.150, 25.414
-628.150, 25.157
-626.597, 25.543
-626.597, 25.285
-625.045, 25.414
-625.045, 25.221
-623.492, 25.543
-623.492, 25.318
-621.939, 25.479
-621.939, 25.253
-620.387, 25.479
-620.387, 25.253
-618.834, 25.414
-618.834, 25.221
-617.282, 25.285
-617.282, 25.060
-615.729, 25.157
-615.729, 24.899
-614.176, 25.092
-614.176, 24.899
-612.624, 25.157
-612.624, 24.931
-611.071, 25.157
-611.071, 24.963
-609.519, 25.157
-609.519, 24.931
-607.966, 25.157
-607.966, 24.963
-606.414, 25.157
-606.414, 24.931
-604.861, 25.157
-604.861, 24.963
-603.308, 25.221
-603.308, 24.996
-601.756, 25.157
-601.756, 24.963
-600.203, 25.221
-600.203, 24.963
-598.651, 25.028
-598.651, 24.835
-596.969, 25.028
-597.486, 24.770
-595.545, 25.028
-595.545, 24.803
-593.993, 25.028
-593.993, 24.803
-592.311, 25.157
-592.828, 24.899
-590.888, 25.221
-590.888, 24.996
-589.335, 25.285
-589.335, 25.092
-587.653, 25.414
-588.171, 25.221
-586.230, 25.543
-586.230, 25.350
-584.677, 25.543
-584.677, 25.318
-583.125, 25.350
-583.125, 25.092
-581.572, 25.157
-581.572, 24.963
-580.020, 25.157
-580.020, 24.931
-578.467, 25.157
-578.467, 24.963
-576.914, 25.157
-576.914, 24.963
-575.362, 25.157
-575.362, 24.931
-573.809, 25.028
-573.809, 24.835
-572.257, 25.028
-572.645, 24.835
-570.575, 25.157
-571.092, 24.963
-569.022, 25.414
-569.151, 25.124
-567.599, 25.350
-567.599, 25.092
-566.046, 25.157
-566.046, 24.899
-565.270, 24.674
-564.494, 24.835
-563.588, 24.513
-562.165, 24.448
-562.165, 24.223
-560.612, 24.255
-559.836, 24.062
-559.060, 24.191
-558.283, 23.933
-557.507, 24.126
-556.601, 23.869
-556.731, 23.611
-555.178, 23.869
-555.178, 23.611
-553.496, 23.740
-554.014, 23.483
-552.073, 23.998
-552.073, 23.772
-551.297, 24.255
-550.391, 24.513
-550.909, 23.998
-549.615, 25.157
-549.744, 24.835
-550.132, 24.191
-548.838, 25.801
-548.968, 25.479
-549.356, 24.513
-548.062, 26.187
-548.580, 25.157
-548.580, 24.899
-547.803, 25.801
-547.803, 25.543
-546.639, 26.187
-545.086, 26.380
-545.086, 26.122
-545.086, 25.865
-545.086, 25.607
-545.086, 25.350
-544.181, 25.028
-544.310, 24.706
-544.698, 24.577
-543.922, 25.672
-543.922, 25.414
-543.404, 24.384
-543.534, 24.062
-543.534, 23.804
-543.146, 25.028
-543.146, 24.770
-542.757, 23.483
-542.757, 23.257
-542.369, 24.255
-542.369, 23.998
-541.981, 23.676
-541.852, 22.967
-541.593, 23.354
-541.205, 22.613
-540.817, 23.096
-540.429, 22.774
-539.523, 22.474
-538.100, 22.452
-538.100, 22.227
-536.547, 22.581
-536.547, 22.356
-534.994, 23.096
-534.994, 22.839
-534.994, 22.581
-535.383, 22.388
-534.089, 23.611
-534.218, 23.289
-533.442, 24.255
-533.442, 23.998
-533.830, 22.967
-533.830, 22.774
-532.666, 24.513
-532.666, 23.740
-533.054, 23.483
-533.054, 23.289
-531.889, 24.255
-531.889, 23.998
-531.113, 24.448
-530.984, 23.740
-531.113, 23.418
-531.113, 23.161
-531.113, 22.903
-530.725, 24.126
-530.207, 22.581
-530.337, 22.259
-530.337, 22.002
-529.949, 23.483
-529.949, 23.225
-529.949, 22.967
-529.431, 21.680
-529.560, 21.422
-529.172, 22.581
-529.172, 22.324
-529.172, 22.066
-528.396, 21.808
-528.008, 21.486
-528.008, 21.261
-526.455, 21.422
-526.455, 21.229
-524.903, 21.422
-524.903, 21.229
-523.221, 21.422
-523.738, 21.229
-521.798, 21.551
-521.798, 21.358
-520.245, 21.551
-520.245, 21.358
-518.692, 21.551
-518.692, 21.358
-517.140, 21.551
-517.140, 21.326
-515.587, 21.358
-515.587, 21.100
-513.905, 21.165
-514.423, 20.971
-512.482, 21.293
-512.482, 21.100
-510.929, 21.293
-510.929, 21.100
-509.377, 21.293
-509.377, 21.100
-507.824, 21.422
-507.824, 21.165
-506.272, 21.229
-506.660, 21.100
-504.719, 21.293
-504.719, 21.100
-503.166, 21.293
-503.166, 21.100
-501.614, 21.293
-501.614, 21.036
-500.061, 21.422
-500.061, 21.197
-498.509, 21.422
-498.509, 21.229
-496.956, 21.422
-496.956, 21.229
-495.274, 21.422
-495.792, 21.229
-493.851, 21.680
-493.851, 21.422
-494.239, 21.229
-492.298, 21.486
-492.298, 21.261
-490.616, 21.293
-491.134, 21.100
-489.193, 21.422
-489.193, 21.229
-487.641, 21.422
-487.641, 21.229
-486.088, 21.422
-486.088, 21.229
-484.535, 21.486
-484.535, 21.261
-482.983, 21.422
-482.983, 21.229
-481.301, 21.444
-481.818, 21.229
-479.878, 21.551
-479.878, 21.358
-478.325, 21.551
-478.325, 21.358
-476.772, 21.551
-476.772, 21.358
-475.220, 21.680
-475.220, 21.486
-473.667, 21.551
-473.667, 21.358
-472.115, 21.551
-472.115, 21.358
-470.562, 21.615
-470.562, 21.390
-469.010, 21.551
-469.010, 21.358
-467.457, 21.680
-467.457, 21.422
-465.904, 21.680
-465.904, 21.422
-464.352, 21.680
-464.352, 21.486
-462.799, 21.680
-462.799, 21.486
-461.247, 21.744
-461.247, 21.551
-459.694, 21.680
-459.694, 21.486
-458.141, 21.808
-458.141, 21.615
-456.459, 21.808
-456.977, 21.615
-455.036, 21.873
-455.036, 21.615
-455.424, 21.486
-453.484, 21.808
-453.484, 21.583
-451.931, 21.808
-451.931, 21.615
-450.249, 21.808
-450.767, 21.615
-448.826, 21.937
-448.826, 21.744
-447.273, 21.937
-447.273, 21.712
-445.721, 21.937
-445.721, 21.680
-444.168, 21.937
-444.168, 21.744
-442.616, 21.937
-443.004, 21.744
-441.063, 22.066
-441.063, 21.873
-439.510, 22.066
-439.510, 21.841
-437.828, 22.066
-438.346, 21.873
-436.405, 22.066
-436.405, 21.873
-434.853, 22.195
-434.853, 21.969
-433.300, 22.195
-433.300, 22.002
-431.747, 22.324
-431.747, 22.098
-430.195, 22.324
-430.195, 22.098
-428.642, 22.195
-428.642, 22.002
-427.090, 22.324
-427.090, 22.130
-425.537, 22.324
-425.537, 22.130
-423.985, 22.324
-423.985, 22.130
-422.432, 22.452
-422.432, 22.227
-420.879, 22.452
-420.879, 22.259
-419.197, 22.474
-419.715, 22.259
-417.774, 22.581
-417.774, 22.388
-416.092, 22.603
-416.610, 22.388
-414.669, 22.581
-413.893, 22.420
-413.116, 22.710
-412.340, 22.517
-411.434, 22.710
-410.011, 22.774
-410.011, 22.549
-408.329, 22.710
-408.847, 22.517
-406.906, 22.839
-406.906, 22.645
-405.224, 22.860
-403.801, 22.967
-403.801, 22.774
-402.248, 23.096
-402.248, 22.871
-400.696, 23.096
-399.919, 22.903
-399.143, 23.096
-398.367, 22.903
-397.591, 23.096
-396.814, 22.903
-396.038, 23.096
-395.262, 22.871
-394.485, 23.096
-393.709, 22.839
-392.933, 23.096
-392.156, 22.903
-391.380, 23.096
-390.604, 22.935
-389.828, 23.225
-389.051, 23.032
-388.275, 23.225
-387.499, 23.032
-386.593, 23.246
-385.040, 23.375
-385.558, 23.161
-383.617, 23.483
-383.617, 23.289
-382.065, 23.611
-382.065, 23.386
-380.383, 23.740
-380.900, 23.547
-378.830, 23.890
-379.348, 23.676
-377.407, 23.933
-377.407, 23.708
-375.854, 23.869
-375.854, 23.611
-375.078, 23.450
-374.302, 23.676
-373.396, 23.397
-371.973, 23.418
-371.973, 23.225
-370.420, 23.418
-370.420, 23.161
-368.868, 23.354
-368.868, 23.128
-367.315, 23.289
-367.315, 23.032
-365.763, 23.032
-365.763, 22.806
-364.210, 23.096
-364.210, 22.839
-362.657, 23.096
-362.657, 22.839
-361.752, 23.354
-361.105, 23.096
-360.199, 23.611
-360.717, 23.354
-359.552, 23.998
-358.776, 24.255
-358.776, 23.772
-359.164, 23.547
-357.870, 24.513
-358.000, 24.062
-357.094, 25.157
-357.223, 24.835
-356.447, 25.801
-356.447, 25.543
-356.835, 24.513
-356.835, 24.320
-355.671, 26.573
-355.671, 26.316
-355.671, 26.058
-355.671, 25.318
-356.059, 25.028
-356.059, 24.835
-354.894, 27.088
-354.894, 26.831
-355.283, 25.801
-355.283, 25.543
-353.989, 27.346
-354.506, 26.573
-354.506, 26.316
-354.506, 26.122
-353.342, 26.895
-353.342, 26.702
-352.566, 27.346
-352.436, 26.230
-352.177, 27.153
-351.789, 26.766
-352.177, 26.638
-351.789, 25.672
-351.789, 25.157
-351.789, 24.931
-351.401, 26.444
-351.401, 26.187
-351.013, 25.865
-350.884, 25.414
-350.884, 24.642
-351.013, 24.320
-351.013, 24.062
-351.013, 23.804
-351.013, 23.547
-351.401, 23.418
-350.625, 25.028
-350.237, 23.225
-350.237, 22.967
-350.237, 22.710
-350.237, 22.452
-350.237, 22.227
-349.848, 24.255
-349.848, 23.998
-349.848, 23.740
-349.848, 23.483
-349.460, 21.937
-349.460, 21.680
-349.460, 21.454
-349.072, 22.967
-349.072, 22.710
-349.072, 22.452
-349.072, 22.195
-348.684, 21.165
-348.684, 20.907
-348.684, 20.682
-348.296, 21.937
-348.296, 21.680
-348.296, 21.422
-347.908, 20.424
-347.520, 21.165
-347.520, 20.907
-347.131, 20.585
-347.002, 20.134
-346.355, 19.780
-345.967, 20.263
-345.579, 19.941
-345.449, 19.533
-344.026, 19.684
-344.026, 19.458
-342.474, 19.619
-342.474, 19.394
-341.697, 19.877
-340.792, 20.134
-341.309, 19.619
-340.145, 20.778
-340.145, 20.521
-340.533, 19.812
-339.369, 21.808
-339.369, 21.551
-339.369, 21.293
-339.369, 21.036
-339.369, 20.295
-339.757, 20.070
-338.463, 23.096
-338.592, 22.774
-338.592, 22.517
-338.592, 22.259
-338.592, 22.002
-338.980, 20.778
-338.980, 20.521
-337.687, 24.770
-337.816, 24.448
-337.816, 24.191
-337.816, 23.933
-337.816, 23.676
-337.816, 23.418
-338.204, 21.680
-338.204, 21.422
-338.204, 21.165
-336.910, 26.187
-337.040, 25.865
-337.040, 25.607
-337.040, 25.350
-337.040, 25.092
-337.428, 23.096
-337.428, 22.839
-337.428, 22.581
-337.428, 22.324
-336.263, 27.024
-336.263, 26.799
-336.263, 26.509
-336.651, 24.770
-336.651, 24.513
-336.651, 24.255
-336.651, 23.998
-336.651, 23.740
-336.651, 23.547
-335.487, 26.251
-335.487, 25.865
-335.875, 25.736
-335.487, 25.285
-334.711, 26.895
-334.581, 26.444
-333.805, 26.058
-333.934, 25.736
-333.934, 25.479
-333.934, 25.221
-333.934, 24.963
-333.934, 24.706
-333.934, 24.448
-333.934, 24.191
-333.934, 23.933
-333.934, 23.676
-333.934, 23.418
-333.934, 23.161
-333.934, 22.903
-334.323, 22.774
-333.158, 22.581
-333.158, 22.324
-333.158, 22.066
-333.158, 21.808
-333.158, 21.551
-333.158, 21.293
-333.158, 21.036
-333.158, 20.810
-332.770, 24.642
-332.770, 24.384
-332.770, 24.126
-332.770, 23.869
-332.770, 23.611
-332.770, 23.354
-332.770, 23.096
-332.770, 22.839
-332.252, 20.521
-332.382, 20.199
-332.382, 19.941
-332.382, 19.684
-332.382, 19.426
-332.382, 19.168
-331.994, 22.195
-331.994, 21.937
-331.994, 21.680
-331.994, 21.422
-331.994, 21.165
-331.994, 20.907
-331.476, 18.847
-331.606, 18.525
-331.606, 18.267
-331.606, 18.009
-331.606, 17.752
-331.994, 17.623
-331.217, 20.263
-331.217, 20.006
-331.217, 19.748
-331.217, 19.490
-331.217, 19.233
-330.829, 17.430
-330.829, 17.172
-330.829, 16.915
-330.829, 16.690
-330.441, 18.718
-330.441, 18.460
-330.441, 18.203
-330.441, 17.945
-330.441, 17.688
-329.924, 16.400
-330.053, 16.078
-329.665, 17.301
-329.665, 17.044
-329.665, 16.786
-329.147, 15.756
-328.889, 16.400
-328.889, 16.142
-328.500, 15.402
-328.112, 15.885
-327.724, 15.563
-327.595, 15.155
-326.172, 15.176
-326.172, 14.983
-324.619, 15.112
-324.619, 14.887
-323.066, 15.112
-323.066, 14.854
-322.161, 15.370
-322.290, 14.726
-321.384, 15.756
-321.902, 14.983
-320.737, 15.370
-320.737, 15.144
-320.349, 15.885
-319.961, 15.627
-319.185, 15.370
-319.185, 15.112
-319.185, 14.854
-317.503, 15.498
-317.632, 15.176
-317.632, 14.951
-318.020, 14.790
-316.468, 15.627
-316.080, 15.370
-316.080, 15.112
-316.080, 14.854
-316.080, 14.597
-316.080, 14.339
-316.080, 14.082
-316.080, 13.856
-315.303, 13.567
-315.303, 13.309
-315.303, 13.084
-314.915, 14.597
-314.915, 14.339
-314.915, 14.082
-314.915, 13.824
-314.527, 12.826
-314.139, 13.567
-314.139, 13.309
-313.751, 12.987
-312.975, 12.665
-312.069, 12.923
-311.422, 12.633
-310.646, 12.858
-309.869, 12.601
-309.093, 12.794
-308.317, 12.569
-307.540, 12.730
-306.635, 12.429
-305.212, 12.472
-305.212, 12.247
-303.659, 12.408
-303.659, 12.182
-302.106, 12.214
-302.106, 11.989
-300.554, 12.150
-300.554, 11.957
-299.001, 12.086
-299.001, 11.860
-297.449, 12.021
-297.449, 11.828
-295.896, 12.150
-295.896, 11.893
-294.343, 12.021
-294.343, 11.828
-292.791, 12.021
-292.791, 11.828
-291.238, 12.021
-291.238, 11.828
-290.462, 12.279
-289.686, 12.536
-290.074, 12.021
-288.909, 12.794
-289.298, 12.279
-288.133, 13.309
-288.133, 13.052
-288.521, 12.536
-287.357, 14.082
-287.357, 13.824
-287.357, 13.567
-287.745, 12.794
-286.581, 15.112
-286.581, 14.854
-286.581, 14.597
-286.581, 14.339
-286.969, 13.309
-286.969, 13.052
-285.804, 15.370
-286.192, 14.082
-286.192, 13.824
-286.192, 13.631
-285.028, 15.627
-285.028, 15.112
-285.028, 14.854
-285.028, 14.597
-285.028, 14.372
-284.122, 15.370
-284.122, 14.082
-283.864, 14.983
-283.475, 14.726
-283.475, 14.468
-283.475, 13.695
-283.475, 13.438
-283.475, 13.180
-283.475, 12.923
-283.475, 12.697
-283.087, 14.211
-283.087, 13.953
-282.570, 12.408
-282.699, 12.086
-282.311, 13.567
-282.311, 13.309
-282.311, 13.052
-282.311, 12.794
-281.923, 11.860
-281.535, 12.408
-281.535, 12.150
-281.147, 11.635
-280.370, 11.828
-279.594, 11.571
-278.818, 11.764
-278.041, 11.571
-277.265, 11.764
-276.489, 11.603
-275.712, 11.893
-274.936, 11.699
-274.160, 11.893
-273.384, 11.699
-272.607, 11.893
-271.702, 11.635
-270.278, 11.635
-270.278, 11.442
-268.726, 11.764
-268.726, 11.538
-267.173, 11.764
-267.173, 11.571
-265.621, 11.699
-265.621, 11.506
-264.068, 11.635
-264.456, 11.442
-262.515, 11.635
-262.515, 11.442
-260.963, 11.571
-260.963, 11.377
-259.410, 11.506
-259.410, 11.313
-257.858, 11.506
-257.858, 11.313
-256.305, 11.506
-256.305, 11.313
-254.753, 11.442
-254.753, 11.216
-253.071, 11.506
-253.588, 11.313
-251.647, 11.699
-251.647, 11.474
-250.095, 11.571
-250.095, 11.345
-248.542, 11.506
-248.542, 11.313
-246.990, 11.635
-246.990, 11.377
-245.437, 11.506
-245.437, 11.281
-243.755, 11.506
-244.273, 11.313
-242.332, 11.635
-242.332, 11.442
-240.779, 11.764
-240.779, 11.538
-239.227, 11.764
-239.227, 11.571
-237.545, 11.785
-238.062, 11.571
-236.121, 11.828
-236.121, 11.635
-234.569, 11.699
-234.957, 11.571
-233.016, 11.764
-233.016, 11.571
-231.464, 11.764
-231.464, 11.571
-229.911, 11.699
-229.911, 11.474
-228.359, 11.699
-228.359, 11.474
-226.677, 11.656
-227.194, 11.442
-225.253, 11.764
-225.253, 11.571
-223.701, 11.699
-223.701, 11.474
-222.019, 11.635
-222.536, 11.442
-220.466, 11.656
-220.984, 11.442
-219.043, 11.764
-219.043, 11.571
-217.490, 11.764
-217.490, 11.571
-215.938, 11.764
-215.938, 11.571
-214.385, 11.764
-214.385, 11.571
-212.833, 11.764
-212.833, 11.571
-211.280, 11.764
-209.728, 11.764
-208.951, 11.571
-208.175, 11.764
-207.399, 11.571
-206.622, 11.764
-205.846, 11.571
-205.070, 11.764
-204.293, 11.635
-203.517, 11.893
-202.741, 11.732
-201.965, 12.021
-201.188, 11.828
-200.412, 12.021
-199.636, 11.860
-198.859, 12.150
-198.083, 11.989
-197.307, 12.214
-196.401, 11.914
-194.849, 11.914
-193.425, 12.021
-193.425, 11.828
-191.873, 12.021
-191.873, 11.828
-190.320, 12.021
-190.320, 11.828
-188.768, 12.150
-188.768, 11.925
-187.215, 12.150
-187.215, 11.957
-185.662, 12.150
-185.662, 11.957
-184.110, 12.150
-184.110, 11.957
-182.428, 12.150
-182.945, 11.957
-181.005, 12.150
-181.005, 11.957
-179.452, 12.150
-179.452, 11.957
-177.770, 12.150
-178.288, 11.957
-176.347, 12.279
-176.347, 12.086
-174.794, 12.343
-174.794, 12.118
-173.242, 12.279
-173.242, 12.086
-171.560, 12.300
-172.077, 12.086
-170.137, 12.408
-170.137, 12.214
-168.584, 12.408
-168.972, 12.214
-167.031, 12.408
-165.479, 12.536
-165.479, 12.343
-163.926, 12.472
-164.314, 12.343
-162.244, 12.429
-160.821, 12.536
-160.821, 12.343
-159.139, 12.536
-159.657, 12.343
-157.716, 12.665
-157.716, 12.472
-156.034, 12.665
-156.551, 12.472
-154.481, 12.923
-154.611, 12.633
-153.058, 13.052
-153.058, 12.858
-151.505, 12.987
-151.505, 12.730
-149.953, 12.923
-149.953, 12.730
-148.271, 12.815
-148.788, 12.601
-146.848, 12.923
-146.848, 12.730
-145.166, 12.923
-145.683, 12.730
-143.743, 13.052
-143.743, 12.858
-142.190, 12.987
-142.578, 12.858
-140.637, 13.052
-140.637, 12.858
-138.955, 13.052
-139.085, 12.762
-137.532, 13.180
-137.532, 12.955
-135.980, 13.180
-135.980, 12.923
-134.427, 13.180
-134.427, 12.987
-132.874, 13.180
-132.874, 12.987
-131.192, 13.202
-131.710, 12.987
-129.769, 13.309
-129.769, 13.116
-128.217, 13.309
-128.217, 13.116
-126.535, 13.438
-127.052, 13.245
-124.982, 13.438
-125.500, 13.245
-123.559, 13.567
-123.559, 13.373
-121.877, 13.588
-122.394, 13.373
-120.454, 13.695
-120.454, 13.502
-118.772, 13.695
-119.289, 13.502
-117.219, 13.846
-117.737, 13.631
-115.796, 13.953
-115.796, 13.760
-114.243, 14.082
-114.243, 13.856
-112.691, 14.211
-112.691, 13.985
-111.138, 14.339
-111.138, 14.146
-109.586, 14.339
-109.586, 14.114
-108.033, 14.211
-108.033, 14.017
-106.351, 14.232
-106.869, 14.017
-104.798, 14.468
-104.928, 14.178
-103.375, 14.532
-103.375, 14.275
-103.375, 14.017
-102.599, 13.728
-102.211, 14.211
-101.823, 13.889
-100.917, 13.567
-100.270, 13.213
-99.494, 13.631
-99.494, 13.373
-99.364, 12.923
-99.494, 12.601
-98.718, 12.279
-98.718, 12.021
-98.718, 11.796
-98.329, 13.052
-98.329, 12.794
-98.329, 12.536
-97.941, 11.506
-97.941, 11.281
-97.553, 12.279
-97.553, 12.021
-97.553, 11.764
-97.165, 10.991
-96.777, 11.506
-96.389, 11.184
-96.259, 10.734
-95.483, 10.390
-95.224, 10.734
-94.060, 10.412
-94.060, 10.186
-92.378, 10.734
-92.507, 10.412
-92.507, 10.186
-91.602, 11.635
-91.731, 11.313
-91.731, 11.055
-90.955, 14.082
-90.955, 13.824
-90.955, 13.567
-90.955, 13.309
-90.955, 13.052
-90.955, 12.794
-90.955, 12.536
-90.955, 12.279
-90.955, 12.021
-91.343, 10.734
-91.343, 10.540
-90.178, 18.460
-90.178, 18.203
-90.178, 17.945
-90.178, 17.688
-90.178, 17.430
-90.178, 17.172
-90.178, 16.915
-90.178, 16.657
-90.178, 16.400
-90.178, 16.142
-90.178, 15.885
-90.178, 15.627
-90.178, 15.370
-90.178, 15.112
-90.178, 14.854
-90.178, 14.597
-90.178, 14.339
-90.566, 11.764
-90.566, 11.506
-90.566, 11.249
-89.402, 23.225
-89.402, 22.967
-89.402, 22.710
-89.402, 22.452
-89.402, 22.195
-89.402, 21.937
-89.402, 21.680
-89.402, 21.422
-89.402, 21.165
-89.402, 20.939
-89.273, 20.521
-89.402, 20.199
-89.402, 19.941
-89.402, 19.684
-89.402, 19.426
-89.402, 19.168
-89.402, 18.911
-89.402, 18.653
-89.790, 14.082
-89.790, 13.824
-89.790, 13.567
-89.790, 13.309
-89.790, 13.052
-89.790, 12.794
-89.790, 12.536
-89.790, 12.279
-88.496, 26.831
-88.626, 26.509
-88.626, 26.251
-88.626, 25.994
-88.626, 25.736
-88.626, 25.479
-88.626, 25.221
-88.626, 24.963
-88.626, 24.706
-88.626, 24.448
-88.626, 24.191
-88.626, 23.933
-88.626, 23.676
-88.626, 23.418
-89.014, 18.331
-89.014, 18.074
-89.014, 17.816
-89.014, 17.559
-89.014, 17.301
-89.014, 17.044
-89.014, 16.786
-89.014, 16.529
-89.014, 16.271
-89.014, 16.013
-89.014, 15.756
-89.014, 15.498
-89.014, 15.241
-89.014, 14.983
-87.720, 23.096
-87.849, 22.774
-87.849, 22.549
-88.238, 22.324
-88.238, 22.066
-88.238, 21.808
-88.238, 21.551
-88.238, 21.293
-88.238, 21.036
-88.238, 20.778
-88.238, 20.521
-88.238, 20.263
-88.238, 20.006
-88.238, 19.812
-87.461, 26.831
-87.461, 26.573
-87.073, 26.251
-87.073, 25.994
-87.073, 25.736
-87.073, 25.479
-87.073, 25.221
-87.073, 24.963
-87.073, 24.706
-87.073, 24.448
-87.073, 24.191
-87.073, 23.933
-87.073, 23.676
-87.073, 23.418
-86.297, 23.096
-86.297, 22.839
-86.297, 22.581
-86.297, 22.324
-86.297, 22.130
-85.521, 26.444
-85.521, 26.187
-85.521, 25.929
-85.521, 25.672
-85.521, 25.414
-85.521, 25.157
-85.521, 24.899
-85.521, 24.642
-85.521, 24.384
-85.521, 24.126
-85.521, 23.869
-85.521, 23.611
-85.521, 23.354
-84.744, 27.475
-84.744, 27.217
-84.744, 26.960
-84.744, 26.702
-84.744, 23.096
-84.744, 22.839
-84.744, 22.581
-84.744, 22.356
-83.968, 27.732
-83.968, 26.444
-83.968, 26.187
-83.968, 25.929
-83.968, 25.672
-83.968, 25.414
-83.968, 25.157
-83.968, 24.899
-83.968, 24.642
-83.968, 24.384
-83.968, 24.126
-83.968, 23.869
-83.968, 23.611
-83.968, 23.354
-83.580, 27.475
-83.580, 27.217
-83.192, 26.960
-83.192, 26.702
-83.192, 23.096
-83.192, 22.839
-83.192, 22.581
-83.192, 22.324
-83.192, 22.066
-83.192, 21.808
-83.192, 21.551
-83.192, 21.293
-83.192, 21.036
-83.192, 20.778
-83.192, 20.521
-83.192, 20.263
-83.192, 20.006
-83.192, 19.748
-83.192, 19.490
-83.192, 19.233
-83.192, 18.975
-83.192, 18.718
-83.192, 18.460
-83.192, 18.203
-83.192, 17.945
-83.192, 17.688
-83.192, 17.430
-83.192, 17.172
-83.192, 16.915
-83.192, 16.657
-83.192, 16.400
-83.192, 16.142
-83.192, 15.885
-83.192, 15.627
-83.192, 15.370
-83.192, 15.144
-82.804, 26.444
-82.804, 26.187
-82.804, 25.929
-82.804, 25.672
-82.804, 25.414
-82.804, 25.157
-82.804, 24.899
-82.804, 24.642
-82.804, 24.384
-82.804, 24.126
-82.804, 23.869
-82.804, 23.611
-82.804, 23.354
-82.415, 14.854
-82.415, 14.597
-82.415, 14.339
-82.415, 14.082
-82.415, 13.824
-82.415, 13.567
-82.415, 13.309
-82.415, 13.052
-82.415, 12.794
-82.415, 12.536
-82.415, 12.279
-82.415, 12.021
-82.415, 11.764
-82.415, 11.506
-82.415, 11.249
-82.415, 10.991
-82.415, 10.734
-82.415, 10.476
-82.415, 10.218
-82.415, 9.961
-82.415, 9.703
-82.415, 9.446
-82.415, 9.188
-82.027, 21.036
-82.027, 20.778
-82.027, 20.521
-82.027, 20.263
-82.027, 20.006
-82.027, 19.748
-82.027, 19.490
-82.027, 19.233
-82.027, 18.975
-82.027, 18.718
-82.027, 18.460
-82.027, 18.203
-82.027, 17.945
-82.027, 17.688
-82.027, 17.430
-82.027, 17.172
-82.027, 16.915
-82.027, 16.657
-82.027, 16.400
-82.027, 16.142
-82.027, 15.885
-82.027, 15.627
-82.027, 15.370
-82.027, 15.112
-81.510, 8.931
-81.639, 8.609
-81.639, 8.351
-81.639, 8.094
-81.639, 7.836
-81.639, 7.578
-81.639, 7.321
-81.639, 7.063
-81.639, 6.806
-81.639, 6.548
-81.639, 6.291
-82.027, 6.162
-81.251, 13.438
-81.251, 13.180
-81.251, 12.923
-81.251, 12.665
-81.251, 12.408
-81.251, 12.150
-81.251, 11.893
-81.251, 11.635
-81.251, 11.377
-81.251, 11.120
-81.251, 10.862
-81.251, 10.605
-81.251, 10.347
-81.251, 10.090
-81.251, 9.832
-81.251, 9.575
-81.251, 9.317
-80.863, 5.969
-80.863, 5.743
-80.475, 8.287
-80.475, 8.029
-80.475, 7.772
-80.475, 7.514
-80.475, 7.257
-80.475, 6.999
-80.475, 6.741
-80.475, 6.484
-80.086, 6.226
-80.086, 5.518
-79.310, 5.969
-79.310, 5.743
-78.534, 6.484
-78.534, 6.226
-78.146, 6.033
-76.981, 6.484
-76.981, 6.226
-75.299, 6.613
-75.429, 6.323
-73.876, 6.548
-73.876, 6.291
-73.876, 6.033
-73.876, 5.776
-72.970, 5.454
-73.488, 5.260
-72.712, 6.098
-72.712, 5.840
-72.324, 5.067
-72.324, 4.810
-72.324, 4.584
-71.935, 5.582
-71.935, 5.325
-71.418, 4.295
-71.935, 4.101
-71.159, 4.939
-71.159, 4.681
-70.771, 3.908
-70.383, 4.423
-70.383, 4.166
-69.995, 3.651
-69.607, 3.908
-69.218, 3.458
-68.442, 3.586
-66.889, 3.522
-66.889, 3.329
-65.337, 3.522
-65.337, 3.329
-63.784, 3.522
-63.784, 3.329
-62.102, 3.543
-60.550, 3.780
-61.067, 3.522
-59.127, 4.037
-59.127, 3.812
-57.574, 4.166
-57.574, 3.941
-56.021, 4.101
-56.021, 3.844
-56.021, 3.651
-54.469, 3.715
-54.469, 3.458
-54.857, 3.329
-53.693, 3.136
-53.304, 3.393
-52.916, 2.910
-52.140, 3.071
-51.234, 2.771
-49.811, 2.878
-49.811, 2.685
-48.258, 2.749
-48.258, 2.556
-46.706, 2.749
-46.706, 2.556
-45.153, 2.621
-44.377, 2.427
-43.601, 2.621
-42.824, 2.427
-42.048, 2.556
-41.272, 2.299
-40.496, 2.492
-39.719, 2.299
-38.943, 2.492
-38.167, 2.299
-37.390, 2.492
-36.614, 2.299
-35.838, 2.492
-35.061, 2.299
-34.285, 2.492
-33.509, 2.299
-32.733, 2.492
-31.956, 2.299
-31.180, 2.492
-30.792, 2.299
-29.498, 2.513
-28.075, 2.492
-28.075, 2.299
-26.522, 2.492
-26.522, 2.299
-24.970, 2.492
-24.970, 2.299
-23.417, 2.363
-23.417, 2.170
-21.864, 2.363
-21.864, 2.170
-20.312, 2.363
-20.312, 2.170
-18.759, 2.363
-18.759, 2.170
-17.207, 2.363
-17.207, 2.170
-15.654, 2.299
-15.654, 2.105
-14.102, 2.170
-14.102, 1.977
-12.549, 2.041
-12.549, 1.848
-10.996, 2.105
-10.996, 1.880
-10.091, 2.363
-9.314, 2.749
-9.444, 2.105
-8.538, 3.393
-8.667, 3.071
-9.056, 2.363
-7.891, 4.037
-7.891, 3.780
-8.279, 2.749
-8.279, 2.556
-7.115, 4.295
-7.503, 3.522
-7.503, 3.264
-7.503, 3.071
-6.209, 4.552
-6.727, 4.037
-6.727, 3.780
-5.950, 4.230
-4.786, 4.745
-4.786, 4.488
-3.622, 4.681
-3.233, 4.423
-3.233, 4.166
-3.233, 3.908
-3.233, 3.651
-2.457, 3.393
-2.457, 3.136
-2.457, 2.878
-2.457, 2.653
-2.069, 4.166
-2.069, 3.908
-2.069, 3.651
-1.551, 2.363
-1.681, 2.041
-1.681, 1.783
-1.293, 3.264
-1.293, 3.007
-1.293, 2.749
-0.775, 1.462
-1.293, 1.268
-0.516, 2.363
-0.516, 2.105
-0.128, 1.783
0.001, 1.075
0.260, 1.462
1.424, 1.140
1.424, 0.914
3.106, 1.075
2.589, 0.882
4.530, 1.204
4.530, 1.011
6.082, 1.204
6.082, 1.011
7.635, 1.075
7.635, 0.850
9.187, 0.946
9.187, 0.753
10.740, 0.818
10.740, 0.624
12.292, 0.818
12.292, 0.624
13.845, 0.689
13.845, 0.496
15.398, 0.689
16.950, 0.689
17.727, 0.496
18.115, 0.689
